{
  "accuracy": 0.8071,
  "roc_auc": 0.926,
  "report": {
    "0": {
      "precision": 0.996,
      "recall": 0.7895121951219513,
      "f1-score": 0.8808163265306123,
      "support": 16400.0
    },
    "1": {
      "precision": 0.3320433436532508,
      "recall": 0.9705882352941176,
      "f1-score": 0.49480968858131485,
      "support": 1768.0
    },
    "accuracy": 0.8071334214002642,
    "macro avg": {
      "precision": 0.6640216718266254,
      "recall": 0.8800502152080345,
      "f1-score": 0.6878130075559635,
      "support": 18168.0
    },
    "weighted avg": {
      "precision": 0.9313877494264062,
      "recall": 0.8071334214002642,
      "f1-score": 0.8432524925425917,
      "support": 18168.0
    }
  },
  "confusion_matrix": [
    [
      12948,
      3452
    ],
    [
      52,
      1716
    ]
  ]
}